{
    "name": "root",
    "metadata": {
        "timer_format_version": "0.1.0",
        "start_time_seconds": "1622012966",
        "python_version": "3.9.5 (tags/v3.9.5:0a7dcbd, May  3 2021, 17:27:52) [MSC v.1928 64 bit (AMD64)]",
        "command_line_arguments": "C:\\Users\\digas\\OneDrive\\Documentos\\iart-proj\\.venv_windows\\Scripts\\mlagents-learn --run-id=0.20.0-test",
        "mlagents_version": "0.20.0",
        "mlagents_envs_version": "0.20.0",
        "communication_protocol_version": "1.1.0",
        "tensorflow_version": "2.5.0",
        "numpy_version": "1.20.3",
        "end_time_seconds": "1622013047"
    },
    "total": 80.3693364,
    "count": 1,
    "self": 0.01002300000000389,
    "children": {
        "run_training.setup": {
            "total": 0.04038560000000002,
            "count": 1,
            "self": 0.04038560000000002
        },
        "TrainerController.start_learning": {
            "total": 80.3189278,
            "count": 1,
            "self": 0.033117900000021905,
            "children": {
                "TrainerController._reset_env": {
                    "total": 63.468306899999995,
                    "count": 1,
                    "self": 63.468306899999995
                },
                "TrainerController.advance": {
                    "total": 10.671923499999991,
                    "count": 332,
                    "self": 0.008818100000041795,
                    "children": {
                        "env_step": {
                            "total": 10.66310539999995,
                            "count": 332,
                            "self": 9.722051100000087,
                            "children": {
                                "SubprocessEnvManager._take_step": {
                                    "total": 0.9326667999999927,
                                    "count": 332,
                                    "self": 0.027267800000245757,
                                    "children": {
                                        "TFPolicy.evaluate": {
                                            "total": 0.9053989999997469,
                                            "count": 488,
                                            "self": 0.9053989999997469
                                        }
                                    }
                                },
                                "workers": {
                                    "total": 0.008387499999869874,
                                    "count": 331,
                                    "self": 0.0,
                                    "children": {
                                        "worker_root": {
                                            "total": 12.995559099999966,
                                            "count": 331,
                                            "is_parallel": true,
                                            "self": 6.3719574999999296,
                                            "children": {
                                                "steps_from_proto": {
                                                    "total": 0.0006284999999977003,
                                                    "count": 1,
                                                    "is_parallel": true,
                                                    "self": 0.00039019999999823085,
                                                    "children": {
                                                        "_process_vector_observation": {
                                                            "total": 0.0002382999999994695,
                                                            "count": 2,
                                                            "is_parallel": true,
                                                            "self": 0.0002382999999994695
                                                        }
                                                    }
                                                },
                                                "UnityEnvironment.step": {
                                                    "total": 6.6229731000000385,
                                                    "count": 331,
                                                    "is_parallel": true,
                                                    "self": 0.07852729999989805,
                                                    "children": {
                                                        "UnityEnvironment._generate_step_input": {
                                                            "total": 0.19938509999997223,
                                                            "count": 331,
                                                            "is_parallel": true,
                                                            "self": 0.19938509999997223
                                                        },
                                                        "communicator.exchange": {
                                                            "total": 6.005499800000003,
                                                            "count": 331,
                                                            "is_parallel": true,
                                                            "self": 6.005499800000003
                                                        },
                                                        "steps_from_proto": {
                                                            "total": 0.3395609000001656,
                                                            "count": 662,
                                                            "is_parallel": true,
                                                            "self": 0.21523270000060535,
                                                            "children": {
                                                                "_process_vector_observation": {
                                                                    "total": 0.12432819999956024,
                                                                    "count": 1324,
                                                                    "is_parallel": true,
                                                                    "self": 0.12432819999956024
                                                                }
                                                            }
                                                        }
                                                    }
                                                }
                                            }
                                        }
                                    }
                                }
                            }
                        }
                    }
                },
                "trainer_threads": {
                    "total": 6.559999999922184e-05,
                    "count": 1,
                    "self": 6.559999999922184e-05,
                    "children": {
                        "thread_root": {
                            "total": 0.0,
                            "count": 0,
                            "is_parallel": true,
                            "self": 0.0,
                            "children": {
                                "trainer_advance": {
                                    "total": 18.94969400000015,
                                    "count": 1225,
                                    "is_parallel": true,
                                    "self": 0.06642790000014998,
                                    "children": {
                                        "process_trajectory": {
                                            "total": 18.8832661,
                                            "count": 1225,
                                            "is_parallel": true,