{
    "name": "root",
    "metadata": {
        "timer_format_version": "0.1.0",
        "start_time_seconds": "1620844695",
        "python_version": "3.8.5 (default, Jan 27 2021, 15:41:15) \n[GCC 9.3.0]",
        "command_line_arguments": "/mnt/c/Users/digas/OneDrive/Documentos/iart-proj/.venv/bin/mlagents-learn --run-id=Test9",
        "mlagents_version": "0.20.0",
        "mlagents_envs_version": "0.20.0",
        "communication_protocol_version": "1.1.0",
        "tensorflow_version": "2.3.2",
        "numpy_version": "1.18.5",
        "end_time_seconds": "1620844771"
    },
    "total": 75.79725949999988,
    "count": 1,
    "self": 0.014033299999937299,
    "children": {
        "run_training.setup": {
            "total": 0.04629720000002635,
            "count": 1,
            "self": 0.04629720000002635
        },
        "TrainerController.start_learning": {
            "total": 75.73692899999992,
            "count": 1,
            "self": 0.27205319998006416,
            "children": {
                "TrainerController._reset_env": {
                    "total": 7.623266000000058,
                    "count": 1,
                    "self": 7.623266000000058
                },
                "TrainerController.advance": {
                    "total": 67.52994640001975,
                    "count": 9459,
                    "self": 0.12842510004657015,
                    "children": {
                        "env_step": {
                            "total": 67.40152129997318,
                            "count": 9459,
                            "self": 57.36419789997785,
                            "children": {
                                "SubprocessEnvManager._take_step": {
                                    "total": 9.919268399991779,
                                    "count": 9459,
                                    "self": 0.24251199998798256,
                                    "children": {
                                        "TFPolicy.evaluate": {
                                            "total": 9.676756400003796,
                                            "count": 9457,
                                            "self": 9.676756400003796
                                        }
                                    }
                                },
                                "workers": {
                                    "total": 0.11805500000355096,
                                    "count": 9458,
                                    "self": 0.0,
                                    "children": {
                                        "worker_root": {
                                            "total": 70.33207969998807,
                                            "count": 9458,
                                            "is_parallel": true,
                                            "self": 26.183263799978704,
                                            "children": {
                                                "run_training.setup": {
                                                    "total": 0.0,
                                                    "count": 0,
                                                    "is_parallel": true,
                                                    "self": 0.0,
                                                    "children": {
                                                        "steps_from_proto": {
                                                            "total": 0.010240000000067084,
                                                            "count": 1,
                                                            "is_parallel": true,
                                                            "self": 0.007545799999888914,
                                                            "children": {
                                                                "_process_vector_observation": {
                                                                    "total": 0.0026942000001781707,
                                                                    "count": 2,
                                                                    "is_parallel": true,
                                                                    "self": 0.0026942000001781707
                                                                }
                                                            }
                                                        },
                                                        "UnityEnvironment.step": {
                                                            "total": 0.011112499999853753,
                                                            "count": 1,
                                                            "is_parallel": true,
                                                            "self": 8.570000022700697e-05,
                                                            "children": {
                                                                "UnityEnvironment._generate_step_input": {
                                                                    "total": 8.949999983087764e-05,
                                                                    "count": 1,
                                                                    "is_parallel": true,
                                                                    "self": 8.949999983087764e-05
                                                                },
                                                                "communicator.exchange": {
                                                                    "total": 0.010718399999859685,
                                                                    "count": 1,
                                                                    "is_parallel": true,
                                                                    "self": 0.010718399999859685
                                                                },
                                                                "steps_from_proto": {
                                                                    "total": 0.00021889999993618403,
                                                                    "count": 1,
                                                                    "is_parallel": true,
                                                                    "self": 0.00013009999997848354,
                                                                    "children": {
                                                                        "_process_vector_observation": {
                                                                            "total": 8.879999995770049e-05,
                                                                            "count": 2,
                                                                            "is_parallel": true,
                                                                            "self": 8.879999995770049e-05
                                                                        }
                                                                    }
                                                                }
                                                            }
                                                        }
                                                    }
                                                },
                                                "UnityEnvironment.step": {
                                                    "total": 44.14881590000937,
                                                    "count": 9457,
                                                    "is_parallel": true,
                                                    "self": 0.816202600026827,