{"count":1,"self":590.9502976,"total":5748.8194444,"children":{"AgentSendState":{"count":1258351,"self":27.3997152,"total":71.58825929999999,"children":{"CollectObservations":{"count":1165876,"self":12.163669599999999,"total":12.163669899999999,"children":null},"CollectDiscreteActionMasks":{"count":1165876,"self":3.5173972,"total":3.5173973,"children":null},"AgentInfo.ToProto":{"count":1165876,"self":10.815129599999999,"total":28.507476399999998,"children":{"GenerateSensorData":{"count":1165876,"self":17.6923472,"total":17.6923465,"children":null}}}}},"DecideAction":{"count":1258351,"self":3101.1524608,"total":3101.1524762999998,"children":null},"AgentAct":{"count":1258351,"self":1982.5801216,"total":1985.1274157999999,"children":{"AgentInfo.ToProto":{"count":69826,"self":1.2449738,"total":2.5472079,"children":{"GenerateSensorData":{"count":69826,"self":1.3022341,"total":1.3022341,"children":null}}}}}},"gauges":{"4x4.CumulativeReward":{"count":67899,"max":-1,"min":-1759,"runningAverage":-9.2740345,"value":-1,"weightedAverage":-1.74119222},"5x5.CumulativeReward":{"count":1927,"max":-6,"min":-1459,"runningAverage":-247.35434,"value":-232,"weightedAverage":-250.395187}},"metadata":{"timer_format_version":"0.1.0","start_time_seconds":"1621973831","unity_version":"2019.4.21f1","command_line_arguments":"C:\\Program Files\\Unity\\Hub\\Editor\\2019.4.21f1\\Editor\\Unity.exe -projectpath C:\/Users\/digas\/OneDrive\/Documentos\/iart-proj -useHub -hubIPC -cloudEnvironment production -hubSessionId 3ef3e680-bd7f-11eb-993b-c14347464267 -accessToken Us9ZXEbr85InFdFVq803NCrQ95RyRbI5epDseBP83uo006f","communication_protocol_version":"1.0.0","com.unity.ml-agents_version":"1.0.7","scene_name":"Training","end_time_seconds":"1621979580"}}