{
    "name": "root",
    "metadata": {
        "timer_format_version": "0.1.0",
        "start_time_seconds": "1620844810",
        "python_version": "3.8.5 (default, Jan 27 2021, 15:41:15) \n[GCC 9.3.0]",
        "command_line_arguments": "/mnt/c/Users/digas/OneDrive/Documentos/iart-proj/.venv/bin/mlagents-learn --run-id=Test10",
        "mlagents_version": "0.20.0",
        "mlagents_envs_version": "0.20.0",
        "communication_protocol_version": "1.1.0",
        "tensorflow_version": "2.3.2",
        "numpy_version": "1.18.5",
        "end_time_seconds": "1620844866"
    },
    "total": 56.04126790000009,
    "count": 1,
    "self": 0.01563750000013897,
    "children": {
        "run_training.setup": {
            "total": 0.06912359999978435,
            "count": 1,
            "self": 0.06912359999978435
        },
        "TrainerController.start_learning": {
            "total": 55.95650680000017,
            "count": 1,
            "self": 0.21522479999975985,
            "children": {
                "TrainerController._reset_env": {
                    "total": 7.781783099999984,
                    "count": 1,
                    "self": 7.781783099999984
                },
                "TrainerController.advance": {
                    "total": 47.65800640000043,
                    "count": 6548,
                    "self": 0.09209649999661451,
                    "children": {
                        "env_step": {
                            "total": 47.56590990000382,
                            "count": 6548,
                            "self": 39.9336453999872,
                            "children": {
                                "SubprocessEnvManager._take_step": {
                                    "total": 7.5420126000085475,
                                    "count": 6548,
                                    "self": 0.17406800002254386,
                                    "children": {
                                        "TFPolicy.evaluate": {
                                            "total": 7.367944599986004,
                                            "count": 6547,
                                            "self": 7.367944599986004
                                        }
                                    }
                                },
                                "workers": {
                                    "total": 0.09025190000807015,
                                    "count": 6547,
                                    "self": 0.0,
                                    "children": {
                                        "worker_root": {
                                            "total": 55.38556510000353,
                                            "count": 6547,
                                            "is_parallel": true,
                                            "self": 21.719700600005353,
                                            "children": {
                                                "run_training.setup": {
                                                    "total": 0.0,
                                                    "count": 0,
                                                    "is_parallel": true,
                                                    "self": 0.0,
                                                    "children": {
                                                        "steps_from_proto": {
                                                            "total": 0.009259299999939685,
                                                            "count": 1,
                                                            "is_parallel": true,
                                                            "self": 0.007668599999988146,
                                                            "children": {
                                                                "_process_vector_observation": {
                                                                    "total": 0.0015906999999515392,
                                                                    "count": 2,
                                                                    "is_parallel": true,
                                                                    "self": 0.0015906999999515392
                                                                }
                                                            }
                                                        },
                                                        "UnityEnvironment.step": {
                                                            "total": 0.012879099999963728,
                                                            "count": 1,
                                                            "is_parallel": true,
                                                            "self": 8.299999990413198e-05,
                                                            "children": {
                                                                "UnityEnvironment._generate_step_input": {
                                                                    "total": 0.00010189999989052012,
                                                                    "count": 1,
                                                                    "is_parallel": true,
                                                                    "self": 0.00010189999989052012
                                                                },
                                                                "communicator.exchange": {
                                                                    "total": 0.012423699999999371,
                                                                    "count": 1,
                                                                    "is_parallel": true,
                                                                    "self": 0.012423699999999371
                                                                },
                                                                "steps_from_proto": {
                                                                    "total": 0.00027050000016970444,
                                                                    "count": 1,
                                                                    "is_parallel": true,
                                                                    "self": 0.00012800000013157842,
                                                                    "children": {
                                                                        "_process_vector_observation": {
                                                                            "total": 0.00014250000003812602,
                                                                            "count": 2,
                                                                            "is_parallel": true,
                                                                            "self": 0.00014250000003812602
                                                                        }
                                                                    }
                                                                }
                                                            }
                                                        }
                                                    }
                                                },
                                                "UnityEnvironment.step": {
                                                    "total": 33.66586449999818,
                                                    "count": 6546,
                                                    "is_parallel": true,
                                                    "self": 0.5936293999850477,