{
    "name": "root",
    "gauges": {
        "PlayerAgent.Policy.Entropy.mean": {
            "value": 0.6676205396652222,
            "min": 0.6676205396652222,
            "max": 1.2636805772781372,
            "count": 2
        },
        "PlayerAgent.Policy.Entropy.sum": {
            "value": 33380.359375,
            "min": 33380.359375,
            "max": 63186.55859375,
            "count": 2
        },
        "PlayerAgent.Environment.EpisodeLength.mean": {
            "value": 1.6640558397271952,
            "min": 1.6640558397271952,
            "max": 5.8835352422907485,
            "count": 2
        },
        "PlayerAgent.Environment.EpisodeLength.sum": {
            "value": 31231.0,
            "min": 31231.0,
            "max": 42738.0,
            "count": 2
        },
        "PlayerAgent.Step.mean": {
            "value": 99996.0,
            "min": 49999.0,
            "max": 99996.0,
            "count": 2
        },
        "PlayerAgent.Step.sum": {
            "value": 99996.0,
            "min": 49999.0,
            "max": 99996.0,
            "count": 2
        },
        "PlayerAgent.Policy.ExtrinsicValueEstimate.mean": {
            "value": -0.5174296498298645,
            "min": -1.2399377822875977,
            "max": -0.5174296498298645,
            "count": 2
        },
        "PlayerAgent.Policy.ExtrinsicValueEstimate.sum": {
            "value": -9711.1201171875,
            "min": -9711.1201171875,
            "max": -9078.82421875,
            "count": 2
        },
        "PlayerAgent.Environment.CumulativeReward.mean": {
            "value": -1.0242966751918159,
            "min": -2.393501307999449,
            "max": -1.0242966751918159,
            "count": 2
        },
        "PlayerAgent.Environment.CumulativeReward.sum": {
            "value": -19224.0,
            "min": -19224.0,
            "max": -17384.0,
            "count": 2
        },
        "PlayerAgent.Policy.ExtrinsicReward.mean": {
            "value": -1.0242966751918159,
            "min": -2.393501307999449,
            "max": -1.0242966751918159,
            "count": 2
        },
        "PlayerAgent.Policy.ExtrinsicReward.sum": {
            "value": -19224.0,
            "min": -19224.0,
            "max": -17384.0,
            "count": 2
        },
        "PlayerAgent.Losses.PolicyLoss.mean": {
            "value": 0.03048464628246923,
            "min": 0.03048464628246923,
            "max": 0.04090825490808735,
            "count": 2
        },
        "PlayerAgent.Losses.PolicyLoss.sum": {
            "value": 0.15242323141234615,
            "min": 0.15242323141234615,
            "max": 0.1636330196323494,
            "count": 2
        },
        "PlayerAgent.Losses.ValueLoss.mean": {
            "value": 0.0792324410634683,
            "min": 0.0792324410634683,
            "max": 3.918716491262118,
            "count": 2
        },
        "PlayerAgent.Losses.ValueLoss.sum": {
            "value": 0.3961622053173415,
            "min": 0.3961622053173415,
            "max": 15.674865965048472,
            "count": 2
        },
        "PlayerAgent.Policy.LearningRate.mean": {
            "value": 0.00025696477434508,
            "min": 0.00025696477434508,
            "max": 0.00028462635512454995,
            "count": 2
        },
        "PlayerAgent.Policy.LearningRate.sum": {
            "value": 0.0012848238717254,
            "min": 0.0011385054204981998,
            "max": 0.0012848238717254,
            "count": 2
        },
        "PlayerAgent.Policy.Epsilon.mean": {
            "value": 0.18565491999999997,
            "min": 0.18565491999999997,
            "max": 0.19487545000000003,
            "count": 2
        },
        "PlayerAgent.Policy.Epsilon.sum": {
            "value": 0.9282745999999998,
            "min": 0.7795018000000001,
            "max": 0.9282745999999998,
            "count": 2
        },
        "PlayerAgent.Policy.Beta.mean": {
            "value": 0.004284180508,
            "min": 0.004284180508,
            "max": 0.004744284955,
            "count": 2
        },
        "PlayerAgent.Policy.Beta.sum": {
            "value": 0.021420902539999998,
            "min": 0.01897713982,
            "max": 0.021420902539999998,
            "count": 2
        },
        "PlayerAgent.IsTraining.mean": {
            "value": 1.0,
            "min": 1.0,
            "max": 1.0,
            "count": 2
        },
        "PlayerAgent.IsTraining.sum": {
            "value": 1.0,
            "min": 1.0,
            "max": 1.0,
            "count": 2
        }
    },
    "metadata": {
        "timer_format_version": "0.1.0",
        "start_time_seconds": "1621193197",
        "python_version": "3.9.5 (tags/v3.9.5:0a7dcbd, May  3 2021, 17:27:52) [MSC v.1928 64 bit (AMD64)]",
        "command_line_arguments": "C:\\Users\\rafav\\Documents\\IART\\iart-proj\\.venv\\Scripts\\mlagents-learn --run-id=2",
        "mlagents_version": "0.26.0",
        "mlagents_envs_version": "0.26.0",
        "communication_protocol_version": "1.5.0",
        "pytorch_version": "1.8.1+cpu",
        "numpy_version": "1.19.5",
        "end_time_seconds": "1621196857"
    },
    "total": 3659.6504364,
    "count": 1,
    "self": 0.01625079999985246,
    "children": {
        "run_training.setup": {
            "total": 0.06606519999999994,
            "count": 1,
            "self": 0.06606519999999994
        },
        "TrainerController.start_learning": {
            "total": 3659.5681204,
            "count": 1,
            "self": 5.12458639999295,
            "children": {
                "TrainerController._reset_env": {
                    "total": 16.6299335,
                    "count": 1,
                    "self": 16.6299335
                },
                "TrainerController.advance": {
                    "total": 3637.5193669000073,
                    "count": 133965,
                    "self": 4.882125399893084,
                    "children": {
                        "env_step": {
                            "total": 3517.139898100105,
                            "count": 133965,
                            "self": 3316.591142700047,
                            "children": {
                                "SubprocessEnvManager._take_step": {
                                    "total": 197.28499540006794,
                                    "count": 133965,
                                    "self": 10.897257700021441,
                                    "children": {
                                        "TorchPolicy.evaluate": {
                                            "total": 186.3877377000465,
                                            "count": 105873,
                                            "self": 52.47531210001782,
                                            "children": {
                                                "TorchPolicy.sample_actions": {
                                                    "total": 133.91242560002868,
                                                    "count": 105873,
                                                    "self": 133.91242560002868
                                                }
                                            }
                                        }
                                    }
                                },
                                "workers": {
                                    "total": 3.26375999999005,
                                    "count": 133964,
                                    "self": 0.0,
                                    "children": {
                                        "worker_root": {
                                            "total": 3637.7881333999026,
                                            "count": 133964,
                                            "is_parallel": true,
                                            "self": 547.6926111999378,