{
    "name": "root",
    "metadata": {
        "timer_format_version": "0.1.0",
        "start_time_seconds": "1620558592",
        "python_version": "3.8.5 (default, Jan 27 2021, 15:41:15) \n[GCC 9.3.0]",
        "command_line_arguments": "/mnt/c/Users/digas/OneDrive/Documentos/iart-proj/.venv/bin/mlagents-learn",
        "mlagents_version": "0.26.0",
        "mlagents_envs_version": "0.26.0",
        "communication_protocol_version": "1.5.0",
        "pytorch_version": "1.8.1+cu102",
        "numpy_version": "1.20.2",
        "end_time_seconds": "1620558715"
    },
    "total": 122.58139589999973,
    "count": 1,
    "self": 0.0341324999999415,
    "children": {
        "run_training.setup": {
            "total": 0.10778310000023339,
            "count": 1,
            "self": 0.10778310000023339
        },
        "TrainerController.start_learning": {
            "total": 122.43948029999956,
            "count": 1,
            "self": 0.2889116999313046,
            "children": {
                "TrainerController._reset_env": {
                    "total": 19.049680899999657,
                    "count": 1,
                    "self": 19.049680899999657
                },
                "TrainerController.advance": {
                    "total": 102.51674980006828,
                    "count": 10753,
                    "self": 0.2843369000665916,
                    "children": {
                        "env_step": {
                            "total": 98.40684779998901,
                            "count": 10753,
                            "self": 81.74635390001731,
                            "children": {
                                "SubprocessEnvManager._take_step": {
                                    "total": 16.497037100010857,
                                    "count": 10753,
                                    "self": 0.8494069000335003,
                                    "children": {
                                        "TorchPolicy.evaluate": {
                                            "total": 15.647630199977357,
                                            "count": 10753,
                                            "self": 4.21193029997994,
                                            "children": {
                                                "TorchPolicy.sample_actions": {
                                                    "total": 11.435699899997417,
                                                    "count": 10753,
                                                    "self": 11.435699899997417
                                                }
                                            }
                                        }
                                    }
                                },
                                "workers": {
                                    "total": 0.16345679996084073,
                                    "count": 10752,
                                    "self": 0.0,
                                    "children": {
                                        "worker_root": {
                                            "total": 121.22506599999997,
                                            "count": 10752,
                                            "is_parallel": true,
                                            "self": 52.650980899978094,
                                            "children": {
                                                "run_training.setup": {
                                                    "total": 0.0,
                                                    "count": 0,
                                                    "is_parallel": true,
                                                    "self": 0.0,
                                                    "children": {
                                                        "steps_from_proto": {
                                                            "total": 0.014647599999989325,
                                                            "count": 1,
                                                            "is_parallel": true,
                                                            "self": 0.008276999999907275,
                                                            "children": {
                                                                "_process_rank_one_or_two_observation": {
                                                                    "total": 0.0063706000000820495,
                                                                    "count": 2,
                                                                    "is_parallel": true,
                                                                    "self": 0.0063706000000820495
                                                                }
                                                            }
                                                        },
                                                        "UnityEnvironment.step": {
                                                            "total": 0.015998599999875296,
                                                            "count": 1,
                                                            "is_parallel": true,
                                                            "self": 8.520000028511276e-05,
                                                            "children": {
                                                                "UnityEnvironment._generate_step_input": {
                                                                    "total": 0.00011200000062672189,
                                                                    "count": 1,
                                                                    "is_parallel": true,
                                                                    "self": 0.00011200000062672189
                                                                },
                                                                "communicator.exchange": {
                                                                    "total": 0.015512399999352056,
                                                                    "count": 1,
                                                                    "is_parallel": true,
                                                                    "self": 0.015512399999352056
                                                                },
                                                                "steps_from_proto": {
                                                                    "total": 0.00028899999961140566,
                                                                    "count": 1,
                                                                    "is_parallel": true,
                                                                    "self": 0.00018619999991642544,
                                                                    "children": {
                                                                        "_process_rank_one_or_two_observation": {
                                                                            "total": 0.00010279999969498022,
                                                                            "count": 2,
                                                                            "is_parallel": true,