{
    "name": "root",
    "metadata": {
        "timer_format_version": "0.1.0",
        "start_time_seconds": "1620662155",
        "python_version": "3.8.5 (default, Jan 27 2021, 15:41:15) \n[GCC 9.3.0]",
        "command_line_arguments": "/mnt/c/Users/digas/OneDrive/Documentos/iart-proj/.venv/bin/mlagents-learn --run-id=Test5",
        "mlagents_version": "0.20.0",
        "mlagents_envs_version": "0.20.0",
        "communication_protocol_version": "1.1.0",
        "tensorflow_version": "2.3.2",
        "numpy_version": "1.18.5",
        "end_time_seconds": "1620662211"
    },
    "total": 56.6482173000004,
    "count": 1,
    "self": 0.016311100000166334,
    "children": {
        "run_training.setup": {
            "total": 0.05172289999973145,
            "count": 1,
            "self": 0.05172289999973145
        },
        "TrainerController.start_learning": {
            "total": 56.5801833000005,
            "count": 1,
            "self": 0.16719490013929317,
            "children": {
                "TrainerController._reset_env": {
                    "total": 9.29604610000024,
                    "count": 1,
                    "self": 9.29604610000024
                },
                "TrainerController.advance": {
                    "total": 46.79371719986011,
                    "count": 4694,
                    "self": 0.07342529989182367,
                    "children": {
                        "env_step": {
                            "total": 46.72029189996829,
                            "count": 4694,
                            "self": 40.11022839986617,
                            "children": {
                                "SubprocessEnvManager._take_step": {
                                    "total": 6.537843100115424,
                                    "count": 4694,
                                    "self": 0.15493279997463105,
                                    "children": {
                                        "TFPolicy.evaluate": {
                                            "total": 6.382910300140793,
                                            "count": 4694,
                                            "self": 6.382910300140793
                                        }
                                    }
                                },
                                "workers": {
                                    "total": 0.07222039998669061,
                                    "count": 4693,
                                    "self": 0.0,
                                    "children": {
                                        "worker_root": {
                                            "total": 56.01284619985745,
                                            "count": 4693,
                                            "is_parallel": true,
                                            "self": 21.38604029984708,
                                            "children": {
                                                "run_training.setup": {
                                                    "total": 0.0,
                                                    "count": 0,
                                                    "is_parallel": true,
                                                    "self": 0.0,
                                                    "children": {
                                                        "steps_from_proto": {
                                                            "total": 0.010494199999811826,
                                                            "count": 1,
                                                            "is_parallel": true,
                                                            "self": 0.008041199998842785,
                                                            "children": {
                                                                "_process_vector_observation": {
                                                                    "total": 0.002453000000969041,
                                                                    "count": 2,
                                                                    "is_parallel": true,
                                                                    "self": 0.002453000000969041
                                                                }
                                                            }
                                                        },
                                                        "UnityEnvironment.step": {
                                                            "total": 0.02370599999994738,
                                                            "count": 1,
                                                            "is_parallel": true,
                                                            "self": 8.639999941806309e-05,
                                                            "children": {
                                                                "UnityEnvironment._generate_step_input": {
                                                                    "total": 0.00010990000009769574,
                                                                    "count": 1,
                                                                    "is_parallel": true,
                                                                    "self": 0.00010990000009769574
                                                                },
                                                                "communicator.exchange": {
                                                                    "total": 0.023237800000060815,
                                                                    "count": 1,
                                                                    "is_parallel": true,
                                                                    "self": 0.023237800000060815
                                                                },
                                                                "steps_from_proto": {
                                                                    "total": 0.0002719000003708061,
                                                                    "count": 1,
                                                                    "is_parallel": true,
                                                                    "self": 0.00013939999917056412,
                                                                    "children": {
                                                                        "_process_vector_observation": {
                                                                            "total": 0.00013250000120024197,
                                                                            "count": 2,
                                                                            "is_parallel": true,
                                                                            "self": 0.00013250000120024197
                                                                        }
                                                                    }
                                                                }
                                                            }
                                                        }
                                                    }
                                                },
                                                "UnityEnvironment.step": {
                                                    "total": 34.62680590001037,
                                                    "count": 4692,
                                                    "is_parallel": true,
                                                    "self": 0.4962137002257805,