{
    "name": "root",
    "metadata": {
        "timer_format_version": "0.1.0",
        "start_time_seconds": "1620661999",
        "python_version": "3.8.5 (default, Jan 27 2021, 15:41:15) \n[GCC 9.3.0]",
        "command_line_arguments": "/mnt/c/Users/digas/OneDrive/Documentos/iart-proj/.venv/bin/mlagents-learn --run-id=Test4",
        "mlagents_version": "0.20.0",
        "mlagents_envs_version": "0.20.0",
        "communication_protocol_version": "1.1.0",
        "tensorflow_version": "2.3.2",
        "numpy_version": "1.18.5",
        "end_time_seconds": "1620662113"
    },
    "total": 114.09548929999801,
    "count": 1,
    "self": 0.014075099999899976,
    "children": {
        "run_training.setup": {
            "total": 0.06445479999820236,
            "count": 1,
            "self": 0.06445479999820236
        },
        "TrainerController.start_learning": {
            "total": 114.0169593999999,
            "count": 1,
            "self": 0.24285909988975618,
            "children": {
                "TrainerController._reset_env": {
                    "total": 17.454910799999197,
                    "count": 1,
                    "self": 17.454910799999197
                },
                "TrainerController.advance": {
                    "total": 95.84964630011018,
                    "count": 7143,
                    "self": 0.10666250004942412,
                    "children": {
                        "env_step": {
                            "total": 95.74298380006076,
                            "count": 7143,
                            "self": 86.56381820013848,
                            "children": {
                                "SubprocessEnvManager._take_step": {
                                    "total": 9.075055500197777,
                                    "count": 7143,
                                    "self": 0.2198797999881208,
                                    "children": {
                                        "TFPolicy.evaluate": {
                                            "total": 8.855175700209656,
                                            "count": 7141,
                                            "self": 8.855175700209656
                                        }
                                    }
                                },
                                "workers": {
                                    "total": 0.10411009972449392,
                                    "count": 7142,
                                    "self": 0.0,
                                    "children": {
                                        "worker_root": {
                                            "total": 74.57194810007786,
                                            "count": 7142,
                                            "is_parallel": true,
                                            "self": 34.27143940019232,
                                            "children": {
                                                "run_training.setup": {
                                                    "total": 0.0,
                                                    "count": 0,
                                                    "is_parallel": true,
                                                    "self": 0.0,
                                                    "children": {
                                                        "steps_from_proto": {
                                                            "total": 0.00886259999970207,
                                                            "count": 1,
                                                            "is_parallel": true,
                                                            "self": 0.006822600000305101,
                                                            "children": {
                                                                "_process_vector_observation": {
                                                                    "total": 0.0020399999993969686,
                                                                    "count": 2,
                                                                    "is_parallel": true,
                                                                    "self": 0.0020399999993969686
                                                                }
                                                            }
                                                        },
                                                        "UnityEnvironment.step": {
                                                            "total": 0.022308700001303805,
                                                            "count": 1,
                                                            "is_parallel": true,
                                                            "self": 0.00010710000060498714,
                                                            "children": {
                                                                "UnityEnvironment._generate_step_input": {
                                                                    "total": 0.00010370000018156134,
                                                                    "count": 1,
                                                                    "is_parallel": true,
                                                                    "self": 0.00010370000018156134
                                                                },
                                                                "communicator.exchange": {
                                                                    "total": 0.02180660000158241,
                                                                    "count": 1,
                                                                    "is_parallel": true,
                                                                    "self": 0.02180660000158241
                                                                },
                                                                "steps_from_proto": {
                                                                    "total": 0.00029129999893484637,
                                                                    "count": 1,
                                                                    "is_parallel": true,
                                                                    "self": 0.00016769999638199806,
                                                                    "children": {
                                                                        "_process_vector_observation": {
                                                                            "total": 0.0001236000025528483,
                                                                            "count": 2,
                                                                            "is_parallel": true,
                                                                            "self": 0.0001236000025528483
                                                                        }
                                                                    }
                                                                }
                                                            }
                                                        }
                                                    }
                                                },
                                                "UnityEnvironment.step": {
                                                    "total": 40.30050869988554,
                                                    "count": 7141,
                                                    "is_parallel": true,
                                                    "self": 0.7118318994434958,